,remark,price,title,flavour,environment,service
0,683,80,蜀仙里火锅(太古里店),8.7,9.2,
1,664,81,大院火老火锅(春熙路店),9.0,9.1,
2,2309,78,逸南山鲜毛肚火锅,8.1,8.8,
3,702,111,大侠行江湖火锅(春熙店),8.7,9.3,
4,1515,81,蜀韵蜀味火锅(春熙店),8.7,9.1,
5,488,67,华兴九号辣铺(春熙总店),8.6,9.2,
6,1460,95,蜀小匠牛排火锅(春熙路总店),8.1,7.5,
7,1244,86,醉码头火锅(春熙路店),8.8,9.1,
8,278,96,鲜炎·炭火火锅,8.1,8.8,
9,1260,75,码头故事火锅(春熙路店),8.8,9.1,
10,3437,84,凤望龙门老火锅(春熙店),8.6,8.6,
11,1416,69,有拈头成都市井火锅(太古里店),7.9,8.0,
12,1266,78,凤望龙门老火锅(盐市口概念店),9.0,9.0,
13,2139,90,春熙里老火锅(春熙总店),8.5,9.0,
14,1182,78,重庆袁老四老火锅(香槟店),8.3,8.5,
15,280,125,大妙火锅(太古里店),8.4,9.1,
16,3323,88,巴蜀大将火锅(春熙店),8.4,8.8,
17,82,76,小春熙老火锅(春熙路店),8.9,9.1,
18,868,76,塘门英雄·美蛙鱼头火锅(春熙路店),8.7,9.0,
19,709,79,龙门飞鱼美蛙鱼头火锅(春熙店),8.7,8.9,
20,2535,83,重庆袁老四老火锅(东升店),8.3,8.3,
21,1707,84,巴蜀大将火锅(IFS店),8.3,8.9,
22,1045,91,牛莽莽老火锅(银石广场店),8.0,8.7,
23,112,63,蜀财神火锅,9.0,9.1,
24,807,81,重庆袁老四老火锅(太古里店),8.2,8.6,
25,552,82,谭鸭血老火锅(王府井直营店),7.7,8.1,
26,528,102,梨园火锅(兰桂坊店),8.2,9.1,
27,1721,80,蜀胡记川西坝子(东门大桥店),8.7,8.8,
28,1187,73,蛙三泡椒牛蛙(春熙银石店),8.3,8.6,
29,1474,76,龙幺妹老火锅(香槟广场店),8.5,8.3,
30,530,63,竹板凳老火锅(春熙店),8.2,8.9,
31,505,59,拿东拿西自助火锅(春熙路店),8.0,8.4,
32,69,58,大蜀龙门火锅(红星路二段总店),7.7,8.7,
33,58,75,五斗柴火锅鲜生(太古里店),8.5,8.0,
34,59,62,灶王爷石锅老火锅,8.5,8.7,
35,340,82,蜀国大师(盐市口店),8.3,9.1,
36,641,88,红鼎坊(总店),8.2,8.0,
37,683,80,蜀仙里火锅(太古里店),8.7,9.2,
38,664,81,大院火老火锅(春熙路店),9.0,9.1,
39,2309,78,逸南山鲜毛肚火锅,8.1,8.8,
40,702,111,大侠行江湖火锅(春熙店),8.7,9.3,
41,1515,81,蜀韵蜀味火锅(春熙店),8.7,9.1,
42,488,67,华兴九号辣铺(春熙总店),8.6,9.2,
43,1460,95,蜀小匠牛排火锅(春熙路总店),8.1,7.5,
44,1244,86,醉码头火锅(春熙路店),8.8,9.1,
45,278,96,鲜炎·炭火火锅,8.1,8.8,
46,1260,75,码头故事火锅(春熙路店),8.8,9.1,
47,3437,84,凤望龙门老火锅(春熙店),8.6,8.6,
48,1416,69,有拈头成都市井火锅(太古里店),7.9,8.0,
49,1266,78,凤望龙门老火锅(盐市口概念店),9.0,9.0,
50,2139,90,春熙里老火锅(春熙总店),8.5,9.0,
51,1182,78,重庆袁老四老火锅(香槟店),8.3,8.5,
52,280,125,大妙火锅(太古里店),8.4,9.1,
53,3323,88,巴蜀大将火锅(春熙店),8.4,8.8,
54,82,76,小春熙老火锅(春熙路店),8.9,9.1,
55,868,76,塘门英雄·美蛙鱼头火锅(春熙路店),8.7,9.0,
56,709,79,龙门飞鱼美蛙鱼头火锅(春熙店),8.7,8.9,
57,2535,83,重庆袁老四老火锅(东升店),8.3,8.3,
58,1707,84,巴蜀大将火锅(IFS店),8.3,8.9,
59,1045,91,牛莽莽老火锅(银石广场店),8.0,8.7,
60,112,63,蜀财神火锅,9.0,9.1,
61,807,81,重庆袁老四老火锅(太古里店),8.2,8.6,
62,552,82,谭鸭血老火锅(王府井直营店),7.7,8.1,
63,528,102,梨园火锅(兰桂坊店),8.2,9.1,
64,1721,80,蜀胡记川西坝子(东门大桥店),8.7,8.8,
65,1187,73,蛙三泡椒牛蛙(春熙银石店),8.3,8.6,
66,1474,76,龙幺妹老火锅(香槟广场店),8.5,8.3,
67,530,63,竹板凳老火锅(春熙店),8.2,8.9,
68,505,59,拿东拿西自助火锅(春熙路店),8.0,8.4,
69,69,58,大蜀龙门火锅(红星路二段总店),7.7,8.7,
70,58,75,五斗柴火锅鲜生(太古里店),8.5,8.0,
71,59,62,灶王爷石锅老火锅,8.5,8.7,
72,340,82,蜀国大师(盐市口店),8.3,9.1,
73,641,88,红鼎坊(总店),8.2,8.0,
74,1,,谭二师路边麻辣烫,7.6,7.6,
75,536,77,一条乌鱼泡龙虾,7.6,8.1,
76,642,82,大龙火锅(春熙路概念店),7.8,8.1,
77,1022,74,蜀宗袍哥人家老火锅(春熙路店),8.2,8.2,
78,1418,77,蜀锦味老火锅(春熙路店),7.9,8.1,
79,145,68,老重庆金三角串串香,7.7,7.0,
80,559,94,聚百香川西坝子(香槟广场店),7.8,7.8,
81,489,74,闹城都鲜货火锅(春熙路店),7.6,8.4,
82,1816,65,三国烤肉海鲜欢乐自助风(春熙店),7.0,6.9,
83,1,,囍辣火锅厅·喜辣(太古里店),7.7,7.7,
84,346,79,围炉川西坝子火锅(总府路店),8.0,8.1,
85,386,74,蓉城江北老灶火锅(春熙路店),7.1,7.4,
86,119,79,红瓦房火锅(春熙路王府井店),7.8,8.1,
87,10,,春熙里老火锅,7.6,7.8,
88,31,119,川家铺子火锅,6.9,7.2,
89,202,89,大道川西坝子火锅(春熙路店),6.8,6.9,
90,52,72,味霸美蛙鱼头主题龙虾馆(香槟广场店),7.3,7.1,
91,276,68,锦园火锅,7.2,8.3,
92,4,,大龙火锅,6.9,6.9,
93,26,40,逗士香砂锅串串,7.1,7.0,
94,1,,醉城都火锅(香槟广场店),7.1,7.1,
95,2,,四川宾馆南楼,6.8,6.8,
96,1,,小涮锅,6.9,7.0,
97,12,,大蜀龙门火锅(春熙总店),7.0,7.1,
98,339,65,雷火锅新派串串(太古里店),9.0,8.7,
99,428,79,龍爷翻大江老火锅(春熙路总店),8.1,9.0,
100,203,73,红花椒新火锅(春熙路店),7.6,7.8,
101,118,81,摆渡人老火锅铺,7.4,7.5,
102,683,80,蜀仙里火锅(太古里店),8.7,9.2,
103,664,81,大院火老火锅(春熙路店),9.0,9.1,
104,2309,78,逸南山鲜毛肚火锅,8.1,8.8,
105,702,111,大侠行江湖火锅(春熙店),8.7,9.3,
106,1515,81,蜀韵蜀味火锅(春熙店),8.7,9.1,
107,488,67,华兴九号辣铺(春熙总店),8.6,9.2,
108,1460,95,蜀小匠牛排火锅(春熙路总店),8.1,7.5,
109,1244,86,醉码头火锅(春熙路店),8.8,9.1,
110,278,96,鲜炎·炭火火锅,8.1,8.8,
111,1260,75,码头故事火锅(春熙路店),8.8,9.1,
112,3437,84,凤望龙门老火锅(春熙店),8.6,8.6,
113,1416,69,有拈头成都市井火锅(太古里店),7.9,8.0,
114,1266,78,凤望龙门老火锅(盐市口概念店),9.0,9.0,
115,2139,90,春熙里老火锅(春熙总店),8.5,9.0,
116,1182,78,重庆袁老四老火锅(香槟店),8.3,8.5,
117,280,125,大妙火锅(太古里店),8.4,9.1,
118,3323,88,巴蜀大将火锅(春熙店),8.4,8.8,
119,82,76,小春熙老火锅(春熙路店),8.9,9.1,
120,868,76,塘门英雄·美蛙鱼头火锅(春熙路店),8.7,9.0,
121,709,79,龙门飞鱼美蛙鱼头火锅(春熙店),8.7,8.9,
122,2535,83,重庆袁老四老火锅(东升店),8.3,8.3,
123,1707,84,巴蜀大将火锅(IFS店),8.3,8.9,
124,1045,91,牛莽莽老火锅(银石广场店),8.0,8.7,
125,112,63,蜀财神火锅,9.0,9.1,
126,807,81,重庆袁老四老火锅(太古里店),8.2,8.6,
127,552,82,谭鸭血老火锅(王府井直营店),7.7,8.1,
128,528,102,梨园火锅(兰桂坊店),8.2,9.1,
129,1721,80,蜀胡记川西坝子(东门大桥店),8.7,8.8,
130,1187,73,蛙三泡椒牛蛙(春熙银石店),8.3,8.6,
131,1474,76,龙幺妹老火锅(香槟广场店),8.5,8.3,
132,530,63,竹板凳老火锅(春熙店),8.2,8.9,
133,505,59,拿东拿西自助火锅(春熙路店),8.0,8.4,
134,69,58,大蜀龙门火锅(红星路二段总店),7.7,8.7,
135,58,75,五斗柴火锅鲜生(太古里店),8.5,8.0,
136,59,62,灶王爷石锅老火锅,8.5,8.7,
137,340,82,蜀国大师(盐市口店),8.3,9.1,
138,641,88,红鼎坊(总店),8.2,8.0,
139,1,,谭二师路边麻辣烫,7.6,7.6,
140,536,77,一条乌鱼泡龙虾,7.6,8.1,
141,642,82,大龙火锅(春熙路概念店),7.8,8.1,
142,1022,74,蜀宗袍哥人家老火锅(春熙路店),8.2,8.2,
143,1418,77,蜀锦味老火锅(春熙路店),7.9,8.1,
144,145,68,老重庆金三角串串香,7.7,7.0,
145,559,94,聚百香川西坝子(香槟广场店),7.8,7.8,
146,489,74,闹城都鲜货火锅(春熙路店),7.6,8.4,
147,1816,65,三国烤肉海鲜欢乐自助风(春熙店),7.0,6.9,
148,1,,囍辣火锅厅·喜辣(太古里店),7.7,7.7,
149,346,79,围炉川西坝子火锅(总府路店),8.0,8.1,
150,386,74,蓉城江北老灶火锅(春熙路店),7.1,7.4,
151,119,79,红瓦房火锅(春熙路王府井店),7.8,8.1,
152,10,,春熙里老火锅,7.6,7.8,
153,31,119,川家铺子火锅,6.9,7.2,
154,202,89,大道川西坝子火锅(春熙路店),6.8,6.9,
155,52,72,味霸美蛙鱼头主题龙虾馆(香槟广场店),7.3,7.1,
156,276,68,锦园火锅,7.2,8.3,
157,4,,大龙火锅,6.9,6.9,
158,26,40,逗士香砂锅串串,7.1,7.0,
159,1,,醉城都火锅(香槟广场店),7.1,7.1,
160,2,,四川宾馆南楼,6.8,6.8,
161,1,,小涮锅,6.9,7.0,
162,12,,大蜀龙门火锅(春熙总店),7.0,7.1,
163,339,65,雷火锅新派串串(太古里店),9.0,8.7,
164,428,79,龍爷翻大江老火锅(春熙路总店),8.1,9.0,
165,203,73,红花椒新火锅(春熙路店),7.6,7.8,
166,118,81,摆渡人老火锅铺,7.4,7.5,
167,683,80,蜀仙里火锅(太古里店),8.7,9.2,
168,664,81,大院火老火锅(春熙路店),9.0,9.1,
169,2309,78,逸南山鲜毛肚火锅,8.1,8.8,
170,702,111,大侠行江湖火锅(春熙店),8.7,9.3,
171,1515,81,蜀韵蜀味火锅(春熙店),8.7,9.1,
172,488,67,华兴九号辣铺(春熙总店),8.6,9.2,
173,1460,95,蜀小匠牛排火锅(春熙路总店),8.1,7.5,
174,1244,86,醉码头火锅(春熙路店),8.8,9.1,
175,278,96,鲜炎·炭火火锅,8.1,8.8,
176,1260,75,码头故事火锅(春熙路店),8.8,9.1,
177,3437,84,凤望龙门老火锅(春熙店),8.6,8.6,
178,1416,69,有拈头成都市井火锅(太古里店),7.9,8.0,
179,1266,78,凤望龙门老火锅(盐市口概念店),9.0,9.0,
180,2139,90,春熙里老火锅(春熙总店),8.5,9.0,
181,1182,78,重庆袁老四老火锅(香槟店),8.3,8.5,
182,280,125,大妙火锅(太古里店),8.4,9.1,
183,3323,88,巴蜀大将火锅(春熙店),8.4,8.8,
184,82,76,小春熙老火锅(春熙路店),8.9,9.1,
185,868,76,塘门英雄·美蛙鱼头火锅(春熙路店),8.7,9.0,
186,709,79,龙门飞鱼美蛙鱼头火锅(春熙店),8.7,8.9,
187,2535,83,重庆袁老四老火锅(东升店),8.3,8.3,
188,1707,84,巴蜀大将火锅(IFS店),8.3,8.9,
189,1045,91,牛莽莽老火锅(银石广场店),8.0,8.7,
190,112,63,蜀财神火锅,9.0,9.1,
191,807,81,重庆袁老四老火锅(太古里店),8.2,8.6,
192,552,82,谭鸭血老火锅(王府井直营店),7.7,8.1,
193,528,102,梨园火锅(兰桂坊店),8.2,9.1,
194,1721,80,蜀胡记川西坝子(东门大桥店),8.7,8.8,
195,1187,73,蛙三泡椒牛蛙(春熙银石店),8.3,8.6,
196,1474,76,龙幺妹老火锅(香槟广场店),8.5,8.3,
197,530,63,竹板凳老火锅(春熙店),8.2,8.9,
198,505,59,拿东拿西自助火锅(春熙路店),8.0,8.4,
199,69,58,大蜀龙门火锅(红星路二段总店),7.7,8.7,
200,58,75,五斗柴火锅鲜生(太古里店),8.5,8.0,
201,59,62,灶王爷石锅老火锅,8.5,8.7,
202,340,82,蜀国大师(盐市口店),8.3,9.1,
203,641,88,红鼎坊(总店),8.2,8.0,
204,1,,谭二师路边麻辣烫,7.6,7.6,
205,536,77,一条乌鱼泡龙虾,7.6,8.1,
206,642,82,大龙火锅(春熙路概念店),7.8,8.1,
207,1022,74,蜀宗袍哥人家老火锅(春熙路店),8.2,8.2,
208,1418,77,蜀锦味老火锅(春熙路店),7.9,8.1,
209,145,68,老重庆金三角串串香,7.7,7.0,
210,559,94,聚百香川西坝子(香槟广场店),7.8,7.8,
211,489,74,闹城都鲜货火锅(春熙路店),7.6,8.4,
212,1816,65,三国烤肉海鲜欢乐自助风(春熙店),7.0,6.9,
213,1,,囍辣火锅厅·喜辣(太古里店),7.7,7.7,
214,346,79,围炉川西坝子火锅(总府路店),8.0,8.1,
215,386,74,蓉城江北老灶火锅(春熙路店),7.1,7.4,
216,119,79,红瓦房火锅(春熙路王府井店),7.8,8.1,
217,10,,春熙里老火锅,7.6,7.8,
218,31,119,川家铺子火锅,6.9,7.2,
219,202,89,大道川西坝子火锅(春熙路店),6.8,6.9,
220,52,72,味霸美蛙鱼头主题龙虾馆(香槟广场店),7.3,7.1,
221,276,68,锦园火锅,7.2,8.3,
222,4,,大龙火锅,6.9,6.9,
223,26,40,逗士香砂锅串串,7.1,7.0,
224,1,,醉城都火锅(香槟广场店),7.1,7.1,
225,2,,四川宾馆南楼,6.8,6.8,
226,1,,小涮锅,6.9,7.0,
227,12,,大蜀龙门火锅(春熙总店),7.0,7.1,
228,339,65,雷火锅新派串串(太古里店),9.0,8.7,
229,428,79,龍爷翻大江老火锅(春熙路总店),8.1,9.0,
230,203,73,红花椒新火锅(春熙路店),7.6,7.8,
231,118,81,摆渡人老火锅铺,7.4,7.5,
232,683,80,蜀仙里火锅(太古里店),8.7,9.2,
233,664,81,大院火老火锅(春熙路店),9.0,9.1,
234,2309,78,逸南山鲜毛肚火锅,8.1,8.8,
235,702,111,大侠行江湖火锅(春熙店),8.7,9.3,
236,1515,81,蜀韵蜀味火锅(春熙店),8.7,9.1,
237,488,67,华兴九号辣铺(春熙总店),8.6,9.2,
238,1460,95,蜀小匠牛排火锅(春熙路总店),8.1,7.5,
239,1244,86,醉码头火锅(春熙路店),8.8,9.1,
240,278,96,鲜炎·炭火火锅,8.1,8.8,
241,1260,75,码头故事火锅(春熙路店),8.8,9.1,
242,3437,84,凤望龙门老火锅(春熙店),8.6,8.6,
243,1416,69,有拈头成都市井火锅(太古里店),7.9,8.0,
244,1266,78,凤望龙门老火锅(盐市口概念店),9.0,9.0,
245,2139,90,春熙里老火锅(春熙总店),8.5,9.0,
246,1182,78,重庆袁老四老火锅(香槟店),8.3,8.5,
247,280,125,大妙火锅(太古里店),8.4,9.1,
248,3323,88,巴蜀大将火锅(春熙店),8.4,8.8,
249,82,76,小春熙老火锅(春熙路店),8.9,9.1,
250,868,76,塘门英雄·美蛙鱼头火锅(春熙路店),8.7,9.0,
251,709,79,龙门飞鱼美蛙鱼头火锅(春熙店),8.7,8.9,
252,2535,83,重庆袁老四老火锅(东升店),8.3,8.3,
253,1707,84,巴蜀大将火锅(IFS店),8.3,8.9,
254,1045,91,牛莽莽老火锅(银石广场店),8.0,8.7,
255,112,63,蜀财神火锅,9.0,9.1,
256,807,81,重庆袁老四老火锅(太古里店),8.2,8.6,
257,552,82,谭鸭血老火锅(王府井直营店),7.7,8.1,
258,528,102,梨园火锅(兰桂坊店),8.2,9.1,
259,1721,80,蜀胡记川西坝子(东门大桥店),8.7,8.8,
260,1187,73,蛙三泡椒牛蛙(春熙银石店),8.3,8.6,
261,1474,76,龙幺妹老火锅(香槟广场店),8.5,8.3,
262,530,63,竹板凳老火锅(春熙店),8.2,8.9,
263,505,59,拿东拿西自助火锅(春熙路店),8.0,8.4,
264,69,58,大蜀龙门火锅(红星路二段总店),7.7,8.7,
265,58,75,五斗柴火锅鲜生(太古里店),8.5,8.0,
266,59,62,灶王爷石锅老火锅,8.5,8.7,
267,340,82,蜀国大师(盐市口店),8.3,9.1,
268,641,88,红鼎坊(总店),8.2,8.0,
269,1,,谭二师路边麻辣烫,7.6,7.6,
270,536,77,一条乌鱼泡龙虾,7.6,8.1,
271,642,82,大龙火锅(春熙路概念店),7.8,8.1,
272,1022,74,蜀宗袍哥人家老火锅(春熙路店),8.2,8.2,
273,1418,77,蜀锦味老火锅(春熙路店),7.9,8.1,
274,145,68,老重庆金三角串串香,7.7,7.0,
275,559,94,聚百香川西坝子(香槟广场店),7.8,7.8,
276,489,74,闹城都鲜货火锅(春熙路店),7.6,8.4,
277,1816,65,三国烤肉海鲜欢乐自助风(春熙店),7.0,6.9,
278,1,,囍辣火锅厅·喜辣(太古里店),7.7,7.7,
279,346,79,围炉川西坝子火锅(总府路店),8.0,8.1,
280,386,74,蓉城江北老灶火锅(春熙路店),7.1,7.4,
281,119,79,红瓦房火锅(春熙路王府井店),7.8,8.1,
282,10,,春熙里老火锅,7.6,7.8,
283,31,119,川家铺子火锅,6.9,7.2,
284,202,89,大道川西坝子火锅(春熙路店),6.8,6.9,
285,52,72,味霸美蛙鱼头主题龙虾馆(香槟广场店),7.3,7.1,
286,276,68,锦园火锅,7.2,8.3,
287,4,,大龙火锅,6.9,6.9,
288,26,40,逗士香砂锅串串,7.1,7.0,
289,1,,醉城都火锅(香槟广场店),7.1,7.1,
290,2,,四川宾馆南楼,6.8,6.8,
291,1,,小涮锅,6.9,7.0,
292,12,,大蜀龙门火锅(春熙总店),7.0,7.1,
293,339,65,雷火锅新派串串(太古里店),9.0,8.7,
294,428,79,龍爷翻大江老火锅(春熙路总店),8.1,9.0,
295,203,73,红花椒新火锅(春熙路店),7.6,7.8,
296,118,81,摆渡人老火锅铺,7.4,7.5,
297,683,80,蜀仙里火锅(太古里店),8.7,9.2,
298,664,81,大院火老火锅(春熙路店),9.0,9.1,
299,2309,78,逸南山鲜毛肚火锅,8.1,8.8,
300,702,111,大侠行江湖火锅(春熙店),8.7,9.3,
301,1515,81,蜀韵蜀味火锅(春熙店),8.7,9.1,
302,488,67,华兴九号辣铺(春熙总店),8.6,9.2,
303,1460,95,蜀小匠牛排火锅(春熙路总店),8.1,7.5,
304,1244,86,醉码头火锅(春熙路店),8.8,9.1,
305,278,96,鲜炎·炭火火锅,8.1,8.8,
306,1260,75,码头故事火锅(春熙路店),8.8,9.1,
307,3437,84,凤望龙门老火锅(春熙店),8.6,8.6,
308,1416,69,有拈头成都市井火锅(太古里店),7.9,8.0,
309,1266,78,凤望龙门老火锅(盐市口概念店),9.0,9.0,
310,2139,90,春熙里老火锅(春熙总店),8.5,9.0,
311,1182,78,重庆袁老四老火锅(香槟店),8.3,8.5,
312,280,125,大妙火锅(太古里店),8.4,9.1,
313,3323,88,巴蜀大将火锅(春熙店),8.4,8.8,
314,82,76,小春熙老火锅(春熙路店),8.9,9.1,
315,868,76,塘门英雄·美蛙鱼头火锅(春熙路店),8.7,9.0,
316,709,79,龙门飞鱼美蛙鱼头火锅(春熙店),8.7,8.9,
317,2535,83,重庆袁老四老火锅(东升店),8.3,8.3,
318,1707,84,巴蜀大将火锅(IFS店),8.3,8.9,
319,1045,91,牛莽莽老火锅(银石广场店),8.0,8.7,
320,112,63,蜀财神火锅,9.0,9.1,
321,807,81,重庆袁老四老火锅(太古里店),8.2,8.6,
322,552,82,谭鸭血老火锅(王府井直营店),7.7,8.1,
323,528,102,梨园火锅(兰桂坊店),8.2,9.1,
324,1721,80,蜀胡记川西坝子(东门大桥店),8.7,8.8,
325,1187,73,蛙三泡椒牛蛙(春熙银石店),8.3,8.6,
326,1474,76,龙幺妹老火锅(香槟广场店),8.5,8.3,
327,530,63,竹板凳老火锅(春熙店),8.2,8.9,
328,505,59,拿东拿西自助火锅(春熙路店),8.0,8.4,
329,69,58,大蜀龙门火锅(红星路二段总店),7.7,8.7,
330,58,75,五斗柴火锅鲜生(太古里店),8.5,8.0,
331,59,62,灶王爷石锅老火锅,8.5,8.7,
332,340,82,蜀国大师(盐市口店),8.3,9.1,
333,641,88,红鼎坊(总店),8.2,8.0,
334,1,,谭二师路边麻辣烫,7.6,7.6,
335,536,77,一条乌鱼泡龙虾,7.6,8.1,
336,642,82,大龙火锅(春熙路概念店),7.8,8.1,
337,1022,74,蜀宗袍哥人家老火锅(春熙路店),8.2,8.2,
338,1418,77,蜀锦味老火锅(春熙路店),7.9,8.1,
339,145,68,老重庆金三角串串香,7.7,7.0,
340,559,94,聚百香川西坝子(香槟广场店),7.8,7.8,
341,489,74,闹城都鲜货火锅(春熙路店),7.6,8.4,
342,1816,65,三国烤肉海鲜欢乐自助风(春熙店),7.0,6.9,
343,1,,囍辣火锅厅·喜辣(太古里店),7.7,7.7,
344,346,79,围炉川西坝子火锅(总府路店),8.0,8.1,
345,386,74,蓉城江北老灶火锅(春熙路店),7.1,7.4,
346,119,79,红瓦房火锅(春熙路王府井店),7.8,8.1,
347,10,,春熙里老火锅,7.6,7.8,
348,31,119,川家铺子火锅,6.9,7.2,
349,202,89,大道川西坝子火锅(春熙路店),6.8,6.9,
350,52,72,味霸美蛙鱼头主题龙虾馆(香槟广场店),7.3,7.1,
351,276,68,锦园火锅,7.2,8.3,
352,4,,大龙火锅,6.9,6.9,
353,26,40,逗士香砂锅串串,7.1,7.0,
354,1,,醉城都火锅(香槟广场店),7.1,7.1,
355,2,,四川宾馆南楼,6.8,6.8,
356,1,,小涮锅,6.9,7.0,
357,12,,大蜀龙门火锅(春熙总店),7.0,7.1,
358,339,65,雷火锅新派串串(太古里店),9.0,8.7,
359,428,79,龍爷翻大江老火锅(春熙路总店),8.1,9.0,
360,203,73,红花椒新火锅(春熙路店),7.6,7.8,
361,118,81,摆渡人老火锅铺,7.4,7.5,
362,683,80,蜀仙里火锅(太古里店),,,
363,664,81,大院火老火锅(春熙路店),,,
364,2309,78,逸南山鲜毛肚火锅,,,
365,702,111,大侠行江湖火锅(春熙店),,,
366,1515,81,蜀韵蜀味火锅(春熙店),,,
367,488,67,华兴九号辣铺(春熙总店),,,
368,1460,95,蜀小匠牛排火锅(春熙路总店),,,
369,1244,86,醉码头火锅(春熙路店),,,
370,278,96,鲜炎·炭火火锅,,,
371,1260,75,码头故事火锅(春熙路店),,,
372,3437,84,凤望龙门老火锅(春熙店),,,
373,1416,69,有拈头成都市井火锅(太古里店),,,
374,1266,78,凤望龙门老火锅(盐市口概念店),,,
375,2139,90,春熙里老火锅(春熙总店),,,
376,1182,78,重庆袁老四老火锅(香槟店),,,
377,280,125,大妙火锅(太古里店),,,
378,3323,88,巴蜀大将火锅(春熙店),,,
379,82,76,小春熙老火锅(春熙路店),,,
380,868,76,塘门英雄·美蛙鱼头火锅(春熙路店),,,
381,709,79,龙门飞鱼美蛙鱼头火锅(春熙店),,,
382,2535,83,重庆袁老四老火锅(东升店),,,
383,1707,84,巴蜀大将火锅(IFS店),,,
384,1045,91,牛莽莽老火锅(银石广场店),,,
385,112,63,蜀财神火锅,,,
386,807,81,重庆袁老四老火锅(太古里店),,,
387,552,82,谭鸭血老火锅(王府井直营店),,,
388,528,102,梨园火锅(兰桂坊店),,,
389,1721,80,蜀胡记川西坝子(东门大桥店),,,
390,1187,73,蛙三泡椒牛蛙(春熙银石店),,,
391,1474,76,龙幺妹老火锅(香槟广场店),,,
392,530,63,竹板凳老火锅(春熙店),,,
393,505,59,拿东拿西自助火锅(春熙路店),,,
394,69,58,大蜀龙门火锅(红星路二段总店),,,
395,58,75,五斗柴火锅鲜生(太古里店),,,
396,59,62,灶王爷石锅老火锅,,,
397,340,82,蜀国大师(盐市口店),,,
398,641,88,红鼎坊(总店),,,
399,1,,谭二师路边麻辣烫,,,
400,536,77,一条乌鱼泡龙虾,,,
401,642,82,大龙火锅(春熙路概念店),,,
402,1022,74,蜀宗袍哥人家老火锅(春熙路店),,,
403,1418,77,蜀锦味老火锅(春熙路店),,,
404,145,68,老重庆金三角串串香,,,
405,559,94,聚百香川西坝子(香槟广场店),,,
406,489,74,闹城都鲜货火锅(春熙路店),,,
407,1816,65,三国烤肉海鲜欢乐自助风(春熙店),,,
408,1,,囍辣火锅厅·喜辣(太古里店),,,
409,346,79,围炉川西坝子火锅(总府路店),,,
410,386,74,蓉城江北老灶火锅(春熙路店),,,
411,119,79,红瓦房火锅(春熙路王府井店),,,
412,10,,春熙里老火锅,,,
413,31,119,川家铺子火锅,,,
414,202,89,大道川西坝子火锅(春熙路店),,,
415,52,72,味霸美蛙鱼头主题龙虾馆(香槟广场店),,,
416,276,68,锦园火锅,,,
417,4,,大龙火锅,,,
418,26,40,逗士香砂锅串串,,,
419,1,,醉城都火锅(香槟广场店),,,
420,2,,四川宾馆南楼,,,
421,1,,小涮锅,,,
422,12,,大蜀龙门火锅(春熙总店),,,
423,339,65,雷火锅新派串串(太古里店),,,
424,428,79,龍爷翻大江老火锅(春熙路总店),,,
425,203,73,红花椒新火锅(春熙路店),,,
426,118,81,摆渡人老火锅铺,,,
427,683,80,蜀仙里火锅(太古里店),,,9.1
428,664,81,大院火老火锅(春熙路店),,,9.1
429,2309,78,逸南山鲜毛肚火锅,,,8.4
430,702,111,大侠行江湖火锅(春熙店),,,9.0
431,1515,81,蜀韵蜀味火锅(春熙店),,,8.9
432,488,67,华兴九号辣铺(春熙总店),,,9.0
433,1460,95,蜀小匠牛排火锅(春熙路总店),,,8.3
434,1244,86,醉码头火锅(春熙路店),,,8.6
435,278,96,鲜炎·炭火火锅,,,8.1
436,1260,75,码头故事火锅(春熙路店),,,8.9
437,3437,84,凤望龙门老火锅(春熙店),,,8.6
438,1416,69,有拈头成都市井火锅(太古里店),,,7.7
439,1266,78,凤望龙门老火锅(盐市口概念店),,,8.6
440,2139,90,春熙里老火锅(春熙总店),,,8.6
441,1182,78,重庆袁老四老火锅(香槟店),,,7.8
442,280,125,大妙火锅(太古里店),,,8.4
443,3323,88,巴蜀大将火锅(春熙店),,,8.5
444,82,76,小春熙老火锅(春熙路店),,,8.7
445,868,76,塘门英雄·美蛙鱼头火锅(春熙路店),,,8.8
446,709,79,龙门飞鱼美蛙鱼头火锅(春熙店),,,8.8
447,2535,83,重庆袁老四老火锅(东升店),,,7.8
448,1707,84,巴蜀大将火锅(IFS店),,,8.8
449,1045,91,牛莽莽老火锅(银石广场店),,,8.4
450,112,63,蜀财神火锅,,,8.9
451,807,81,重庆袁老四老火锅(太古里店),,,8.1
452,552,82,谭鸭血老火锅(王府井直营店),,,7.4
453,528,102,梨园火锅(兰桂坊店),,,8.6
454,1721,80,蜀胡记川西坝子(东门大桥店),,,8.9
455,1187,73,蛙三泡椒牛蛙(春熙银石店),,,8.1
456,1474,76,龙幺妹老火锅(香槟广场店),,,8.4
457,530,63,竹板凳老火锅(春熙店),,,8.6
458,505,59,拿东拿西自助火锅(春熙路店),,,8.2
459,69,58,大蜀龙门火锅(红星路二段总店),,,8.3
460,58,75,五斗柴火锅鲜生(太古里店),,,8.4
461,59,62,灶王爷石锅老火锅,,,8.5
462,340,82,蜀国大师(盐市口店),,,8.8
463,641,88,红鼎坊(总店),,,7.9
464,1,,谭二师路边麻辣烫,,,7.6
465,536,77,一条乌鱼泡龙虾,,,7.7
466,642,82,大龙火锅(春熙路概念店),,,7.7
467,1022,74,蜀宗袍哥人家老火锅(春熙路店),,,7.7
468,1418,77,蜀锦味老火锅(春熙路店),,,7.7
469,145,68,老重庆金三角串串香,,,7.4
470,559,94,聚百香川西坝子(香槟广场店),,,7.8
471,489,74,闹城都鲜货火锅(春熙路店),,,7.7
472,1816,65,三国烤肉海鲜欢乐自助风(春熙店),,,7.0
473,1,,囍辣火锅厅·喜辣(太古里店),,,7.7
474,346,79,围炉川西坝子火锅(总府路店),,,8.0
475,386,74,蓉城江北老灶火锅(春熙路店),,,6.9
476,119,79,红瓦房火锅(春熙路王府井店),,,7.9
477,10,,春熙里老火锅,,,7.7
478,31,119,川家铺子火锅,,,7.1
479,202,89,大道川西坝子火锅(春熙路店),,,7.4
480,52,72,味霸美蛙鱼头主题龙虾馆(香槟广场店),,,7.2
481,276,68,锦园火锅,,,7.7
482,4,,大龙火锅,,,6.9
483,26,40,逗士香砂锅串串,,,7.2
484,1,,醉城都火锅(香槟广场店),,,7.1
485,2,,四川宾馆南楼,,,6.8
486,1,,小涮锅,,,6.9
487,12,,大蜀龙门火锅(春熙总店),,,6.8
488,339,65,雷火锅新派串串(太古里店),,,8.8
489,428,79,龍爷翻大江老火锅(春熙路总店),,,8.4
490,203,73,红花椒新火锅(春熙路店),,,7.9
491,118,81,摆渡人老火锅铺,,,7.5
492,683,80,蜀仙里火锅(太古里店),8.7,9.2,9.1
493,664,81,大院火老火锅(春熙路店),9.0,9.1,9.1
494,2309,78,逸南山鲜毛肚火锅,8.1,8.8,8.4
495,702,111,大侠行江湖火锅(春熙店),8.7,9.3,9.0
496,1515,81,蜀韵蜀味火锅(春熙店),8.7,9.1,8.9
497,488,67,华兴九号辣铺(春熙总店),8.6,9.2,9.0
498,1460,95,蜀小匠牛排火锅(春熙路总店),8.1,7.5,8.3
499,1244,86,醉码头火锅(春熙路店),8.8,9.1,8.6
500,278,96,鲜炎·炭火火锅,8.1,8.8,8.1
501,1260,75,码头故事火锅(春熙路店),8.8,9.1,8.9
502,3437,84,凤望龙门老火锅(春熙店),8.6,8.6,8.6
503,1416,69,有拈头成都市井火锅(太古里店),7.9,8.0,7.7
504,1266,78,凤望龙门老火锅(盐市口概念店),9.0,9.0,8.6
505,2139,90,春熙里老火锅(春熙总店),8.5,9.0,8.6
506,1182,78,重庆袁老四老火锅(香槟店),8.3,8.5,7.8
507,280,125,大妙火锅(太古里店),8.4,9.1,8.4
508,3323,88,巴蜀大将火锅(春熙店),8.4,8.8,8.5
509,82,76,小春熙老火锅(春熙路店),8.9,9.1,8.7
510,868,76,塘门英雄·美蛙鱼头火锅(春熙路店),8.7,9.0,8.8
511,709,79,龙门飞鱼美蛙鱼头火锅(春熙店),8.7,8.9,8.8
512,2535,83,重庆袁老四老火锅(东升店),8.3,8.3,7.8
513,1707,84,巴蜀大将火锅(IFS店),8.3,8.9,8.8
514,1045,91,牛莽莽老火锅(银石广场店),8.0,8.7,8.4
515,112,63,蜀财神火锅,9.0,9.1,8.9
516,807,81,重庆袁老四老火锅(太古里店),8.2,8.6,8.1
517,552,82,谭鸭血老火锅(王府井直营店),7.7,8.1,7.4
518,528,102,梨园火锅(兰桂坊店),8.2,9.1,8.6
519,1721,80,蜀胡记川西坝子(东门大桥店),8.7,8.8,8.9
520,1187,73,蛙三泡椒牛蛙(春熙银石店),8.3,8.6,8.1
521,1474,76,龙幺妹老火锅(香槟广场店),8.5,8.3,8.4
522,530,63,竹板凳老火锅(春熙店),8.2,8.9,8.6
523,505,59,拿东拿西自助火锅(春熙路店),8.0,8.4,8.2
524,69,58,大蜀龙门火锅(红星路二段总店),7.7,8.7,8.3
525,58,75,五斗柴火锅鲜生(太古里店),8.5,8.0,8.4
526,59,62,灶王爷石锅老火锅,8.5,8.7,8.5
527,340,82,蜀国大师(盐市口店),8.3,9.1,8.8
528,641,88,红鼎坊(总店),8.2,8.0,7.9
529,1,,谭二师路边麻辣烫,7.6,7.6,7.6
530,536,77,一条乌鱼泡龙虾,7.6,8.1,7.7
531,642,82,大龙火锅(春熙路概念店),7.8,8.1,7.7
532,1022,74,蜀宗袍哥人家老火锅(春熙路店),8.2,8.2,7.7
533,1418,77,蜀锦味老火锅(春熙路店),7.9,8.1,7.7
534,145,68,老重庆金三角串串香,7.7,7.0,7.4
535,559,94,聚百香川西坝子(香槟广场店),7.8,7.8,7.8
536,489,74,闹城都鲜货火锅(春熙路店),7.6,8.4,7.7
537,1816,65,三国烤肉海鲜欢乐自助风(春熙店),7.0,6.9,7.0
538,1,,囍辣火锅厅·喜辣(太古里店),7.7,7.7,7.7
539,346,79,围炉川西坝子火锅(总府路店),8.0,8.1,8.0
540,386,74,蓉城江北老灶火锅(春熙路店),7.1,7.4,6.9
541,119,79,红瓦房火锅(春熙路王府井店),7.8,8.1,7.9
542,10,,春熙里老火锅,7.6,7.8,7.7
543,31,119,川家铺子火锅,6.9,7.2,7.1
544,202,89,大道川西坝子火锅(春熙路店),6.8,6.9,7.4
545,52,72,味霸美蛙鱼头主题龙虾馆(香槟广场店),7.3,7.1,7.2
546,276,68,锦园火锅,7.2,8.3,7.7
547,4,,大龙火锅,6.9,6.9,6.9
548,26,40,逗士香砂锅串串,7.1,7.0,7.2
549,1,,醉城都火锅(香槟广场店),7.1,7.1,7.1
550,2,,四川宾馆南楼,6.8,6.8,6.8
551,1,,小涮锅,6.9,7.0,6.9
552,12,,大蜀龙门火锅(春熙总店),7.0,7.1,6.8
553,339,65,雷火锅新派串串(太古里店),9.0,8.7,8.8
554,428,79,龍爷翻大江老火锅(春熙路总店),8.1,9.0,8.4
555,203,73,红花椒新火锅(春熙路店),7.6,7.8,7.9
556,118,81,摆渡人老火锅铺,7.4,7.5,7.5
557,683,80,蜀仙里火锅(太古里店),8.7,9.2,9.1
558,664,81,大院火老火锅(春熙路店),9.0,9.1,9.1
559,2309,78,逸南山鲜毛肚火锅,8.1,8.8,8.4
560,702,111,大侠行江湖火锅(春熙店),8.7,9.3,9.0
561,1515,81,蜀韵蜀味火锅(春熙店),8.7,9.1,8.9
562,488,67,华兴九号辣铺(春熙总店),8.6,9.2,9.0
563,1460,95,蜀小匠牛排火锅(春熙路总店),8.1,7.5,8.3
564,1244,86,醉码头火锅(春熙路店),8.8,9.1,8.6
565,278,96,鲜炎·炭火火锅,8.1,8.8,8.1
566,1260,75,码头故事火锅(春熙路店),8.8,9.1,8.9
567,3437,84,凤望龙门老火锅(春熙店),8.6,8.6,8.6
568,1416,69,有拈头成都市井火锅(太古里店),7.9,8.0,7.7
569,1266,78,凤望龙门老火锅(盐市口概念店),9.0,9.0,8.6
570,2139,90,春熙里老火锅(春熙总店),8.5,9.0,8.6
571,1182,78,重庆袁老四老火锅(香槟店),8.3,8.5,7.8
572,280,125,大妙火锅(太古里店),8.4,9.1,8.4
573,3323,88,巴蜀大将火锅(春熙店),8.4,8.8,8.5
574,82,76,小春熙老火锅(春熙路店),8.9,9.1,8.7
575,868,76,塘门英雄·美蛙鱼头火锅(春熙路店),8.7,9.0,8.8
576,709,79,龙门飞鱼美蛙鱼头火锅(春熙店),8.7,8.9,8.8
577,2535,83,重庆袁老四老火锅(东升店),8.3,8.3,7.8
578,1707,84,巴蜀大将火锅(IFS店),8.3,8.9,8.8
579,1045,91,牛莽莽老火锅(银石广场店),8.0,8.7,8.4
580,112,63,蜀财神火锅,9.0,9.1,8.9
581,807,81,重庆袁老四老火锅(太古里店),8.2,8.6,8.1
582,552,82,谭鸭血老火锅(王府井直营店),7.7,8.1,7.4
583,528,102,梨园火锅(兰桂坊店),8.2,9.1,8.6
584,1721,80,蜀胡记川西坝子(东门大桥店),8.7,8.8,8.9
585,1187,73,蛙三泡椒牛蛙(春熙银石店),8.3,8.6,8.1
586,1474,76,龙幺妹老火锅(香槟广场店),8.5,8.3,8.4
587,530,63,竹板凳老火锅(春熙店),8.2,8.9,8.6
588,505,59,拿东拿西自助火锅(春熙路店),8.0,8.4,8.2
589,69,58,大蜀龙门火锅(红星路二段总店),7.7,8.7,8.3
590,58,75,五斗柴火锅鲜生(太古里店),8.5,8.0,8.4
591,59,62,灶王爷石锅老火锅,8.5,8.7,8.5
592,340,82,蜀国大师(盐市口店),8.3,9.1,8.8
593,641,88,红鼎坊(总店),8.2,8.0,7.9
594,1,,谭二师路边麻辣烫,7.6,7.6,7.6
595,536,77,一条乌鱼泡龙虾,7.6,8.1,7.7
596,642,82,大龙火锅(春熙路概念店),7.8,8.1,7.7
597,1022,74,蜀宗袍哥人家老火锅(春熙路店),8.2,8.2,7.7
598,1418,77,蜀锦味老火锅(春熙路店),7.9,8.1,7.7
599,145,68,老重庆金三角串串香,7.7,7.0,7.4
600,559,94,聚百香川西坝子(香槟广场店),7.8,7.8,7.8
601,489,74,闹城都鲜货火锅(春熙路店),7.6,8.4,7.7
602,1816,65,三国烤肉海鲜欢乐自助风(春熙店),7.0,6.9,7.0
603,1,,囍辣火锅厅·喜辣(太古里店),7.7,7.7,7.7
604,346,79,围炉川西坝子火锅(总府路店),8.0,8.1,8.0
605,386,74,蓉城江北老灶火锅(春熙路店),7.1,7.4,6.9
606,119,79,红瓦房火锅(春熙路王府井店),7.8,8.1,7.9
607,10,,春熙里老火锅,7.6,7.8,7.7
608,31,119,川家铺子火锅,6.9,7.2,7.1
609,202,89,大道川西坝子火锅(春熙路店),6.8,6.9,7.4
610,52,72,味霸美蛙鱼头主题龙虾馆(香槟广场店),7.3,7.1,7.2
611,276,68,锦园火锅,7.2,8.3,7.7
612,4,,大龙火锅,6.9,6.9,6.9
613,26,40,逗士香砂锅串串,7.1,7.0,7.2
614,1,,醉城都火锅(香槟广场店),7.1,7.1,7.1
615,2,,四川宾馆南楼,6.8,6.8,6.8
616,1,,小涮锅,6.9,7.0,6.9
617,12,,大蜀龙门火锅(春熙总店),7.0,7.1,6.8
618,339,65,雷火锅新派串串(太古里店),9.0,8.7,8.8
619,428,79,龍爷翻大江老火锅(春熙路总店),8.1,9.0,8.4
620,203,73,红花椒新火锅(春熙路店),7.6,7.8,7.9
621,118,81,摆渡人老火锅铺,7.4,7.5,7.5
